y_px_mm_ratio,x_px_mm_ratio,y_delta_mm,x_delta_mm,y_delta_px,x_delta_px,chosen_FOV
0.00012030000000000001,0.00012030000000000001,0.001845326563169647,3.0892552148955335,15.339372927428485,25679.594471284567,1
