y_px_mm_ratio,x_px_mm_ratio,y_delta_mm,x_delta_mm,y_delta_px,x_delta_px,chosen_FOV
0.00012030000000000001,0.00012030000000000001,0.4591744488164937,0.020508527423617105,3816.911461483738,170.4781996975653,73
