y_vals,x_vals,shape_id
-5.830960047242022,-15.288781549501625,0
-5.834719826860843,-15.278337717227123,0
-5.833884320278883,-15.262463092169881,0
-5.826782514332221,-15.244499700657741,0
-5.81592092876674,-15.236980141420098,0
-5.808401369529099,-15.242410934202839,0
-5.807565862947138,-15.256614546096163,0
-5.807983616238119,-15.269982651407522,0
-5.811743395856939,-15.281261990263985,0
-5.81842744851262,-15.292123575829468,0
-5.830960047242022,-15.288781549501625,0
