y_vals,x_vals,shape_id
-48470.158331188875,-127088.7909351756,0
-48501.41169460384,-127001.97603680068,0
-48494.46650273385,-126870.01739127083,0
-48435.432371838906,-126720.695766066,0
-48345.144877529005,-126658.18903923605,0
-48282.63815069907,-126703.33278639101,0
-48275.69295882907,-126821.4010481809,0
-48279.16555476408,-126932.52411810076,0
-48310.41891817904,-127026.28420834566,0
-48365.98045313898,-127116.57170265558,0
-48470.158331188875,-127088.7909351756,0
