y_px_mm_ratio,x_px_mm_ratio,y_delta_mm,x_delta_mm,y_delta_px,x_delta_px,chosen_FOV
0.00012030000000000001,0.00012030000000000001,-0.9866480287559876,0.5195939139127667,-8201.562998802889,4319.151404096148,100
