y_px_mm_ratio,x_px_mm_ratio,y_delta_mm,x_delta_mm,y_delta_px,x_delta_px,chosen_FOV
0.00012030000000000001,0.00012030000000000001,-1.8819537990012882,1.175281888743529,-15643.838728190258,9769.591760129086,55
