y_px_mm_ratio,x_px_mm_ratio,y_delta_mm,x_delta_mm,y_delta_px,x_delta_px,chosen_FOV
0.00012030000000000001,0.00012030000000000001,-1.3002258454874016,-0.9480867525961113,-10808.1948918321,-7881.020387332595,153
