y_px_mm_ratio,x_px_mm_ratio,y_delta_mm,x_delta_mm,y_delta_px,x_delta_px,chosen_FOV
0.00012030000000000001,0.00012030000000000001,1.291281149716842,1.2014186928599029,10733.84164353152,9986.85530224358,1
