y_px_mm_ratio,x_px_mm_ratio,y_delta_mm,x_delta_mm,y_delta_px,x_delta_px,chosen_FOV
0.00012030000000000001,0.00012030000000000001,2.5107384629377845,3.20923082741697,20870.6439146948,26676.897983515955,131
