y_px_mm_ratio,x_px_mm_ratio,y_delta_mm,x_delta_mm,y_delta_px,x_delta_px,chosen_FOV
0.00012030000000000001,0.00012030000000000001,-1.8222482969291507,7.465185783637094,-15147.533640308815,62054.74466863752,1
