y_px_mm_ratio,x_px_mm_ratio,y_delta_mm,x_delta_mm,y_delta_px,x_delta_px,chosen_FOV
0.00012030000000000001,0.00012030000000000001,2.4453270087008026,0.49206114582745963,20326.907802999187,4090.2838389647513,103
