y_px_mm_ratio,x_px_mm_ratio,y_delta_mm,x_delta_mm,y_delta_px,x_delta_px,chosen_FOV
0.00012030000000000001,0.00012030000000000001,-0.2584823489401023,3.0040823483880166,-2148.6479546143164,24971.590593416593,1
