y_px_mm_ratio,x_px_mm_ratio,y_delta_mm,x_delta_mm,y_delta_px,x_delta_px,chosen_FOV
0.00012030000000000001,0.00012030000000000001,-1.6374873043087947,-0.20729809027967666,-13611.698290181168,-1723.1761453007202,100
