y_px_mm_ratio,x_px_mm_ratio,y_delta_mm,x_delta_mm,y_delta_px,x_delta_px,chosen_FOV
0.00012030000000000001,0.00012030000000000001,0.4010012355959887,0.20123497854822436,3333.3436042891826,1672.7762140334526,180
