y_px_mm_ratio,x_px_mm_ratio,y_delta_mm,x_delta_mm,y_delta_px,x_delta_px,chosen_FOV
0.00012030000000000001,0.00012030000000000001,1.4756892353098612,2.2143693645797375,12266.743435659693,18407.060387196485,1
