y_px_mm_ratio,x_px_mm_ratio,y_delta_mm,x_delta_mm,y_delta_px,x_delta_px,chosen_FOV
0.00012030000000000001,0.00012030000000000001,0.43475145769865414,-0.2979161045431067,3613.8940789580556,-2476.443096783929,103
