y_px_mm_ratio,x_px_mm_ratio,y_delta_mm,x_delta_mm,y_delta_px,x_delta_px,chosen_FOV
0.00012030000000000001,0.00012030000000000001,2.399987360286001,1.4744418184903312,19950.019620000006,12256.374218539742,6
