y_px_mm_ratio,x_px_mm_ratio,y_delta_mm,x_delta_mm,y_delta_px,x_delta_px,chosen_FOV
0.00012030000000000001,0.00012030000000000001,1.8021526273749504,1.1509528224391918,14980.487343100169,9567.355132495359,6
