y_px_mm_ratio,x_px_mm_ratio,y_delta_mm,x_delta_mm,y_delta_px,x_delta_px,chosen_FOV
0.00012030000000000001,0.00012030000000000001,1.109632772038306,-0.7412812253798159,9223.880066818834,-6161.938698086582,103
