y_px_mm_ratio,x_px_mm_ratio,y_delta_mm,x_delta_mm,y_delta_px,x_delta_px,chosen_FOV
0.00012030000000000001,0.00012030000000000001,-3.9350637733928524,1.7824333314381362,-32710.422056465937,14816.56967113995,6
