y_px_mm_ratio,x_px_mm_ratio,y_delta_mm,x_delta_mm,y_delta_px,x_delta_px,chosen_FOV
0.00012030000000000001,0.00012030000000000001,-0.32462214347093094,0.6206048105595273,-2698.4384328423184,5158.809730336885,164
