y_px_mm_ratio,x_px_mm_ratio,y_delta_mm,x_delta_mm,y_delta_px,x_delta_px,chosen_FOV
0.00012030000000000001,0.00012030000000000001,-6.870497118341667,3.5711342440357816,-57111.364242241616,29685.238936290785,1
