y_px_mm_ratio,x_px_mm_ratio,y_delta_mm,x_delta_mm,y_delta_px,x_delta_px,chosen_FOV
0.00012030000000000001,0.00012030000000000001,-0.7253711237482369,7.175525519170559,-6029.685151689417,59646.92867140946,5
