y_px_mm_ratio,x_px_mm_ratio,y_delta_mm,x_delta_mm,y_delta_px,x_delta_px,chosen_FOV
0.00012030000000000001,0.00012030000000000001,3.7450741558595055,5.283035438055883,31131.12349010395,43915.50655075547,1
