y_px_mm_ratio,x_px_mm_ratio,y_delta_mm,x_delta_mm,y_delta_px,x_delta_px,chosen_FOV
0.00012030000000000001,0.00012030000000000001,2.0228700810759532,0.694389292808284,16815.212644022886,5772.147072388063,4
