y_px_mm_ratio,x_px_mm_ratio,y_delta_mm,x_delta_mm,y_delta_px,x_delta_px,chosen_FOV
0.00012030000000000001,0.00012030000000000001,0.7923102157638225,-0.014853565596320593,6586.119831785723,-123.47103571338812,10
