y_px_mm_ratio,x_px_mm_ratio,y_delta_mm,x_delta_mm,y_delta_px,x_delta_px,chosen_FOV
0.00012030000000000001,0.00012030000000000001,-2.4109986641636176,4.697540023513434,-20041.551655557916,39048.54549886478,11
