y_px_mm_ratio,x_px_mm_ratio,y_delta_mm,x_delta_mm,y_delta_px,x_delta_px,chosen_FOV
0.00012030000000000001,0.00012030000000000001,-0.2636634908518083,0.971693213177972,-2191.7164659335685,8077.250317356375,1
