y_px_mm_ratio,x_px_mm_ratio,y_delta_mm,x_delta_mm,y_delta_px,x_delta_px,chosen_FOV
0.00012030000000000001,0.00012030000000000001,-1.065850778764269,6.463080260542781,-8859.939973102817,53724.69044507714,1
