y_px_mm_ratio,x_px_mm_ratio,y_delta_mm,x_delta_mm,y_delta_px,x_delta_px,chosen_FOV
0.00012030000000000001,0.00012030000000000001,-3.2018811090362975,5.939111075725797,-26615.803067633395,49369.16937427927,1
