y_px_mm_ratio,x_px_mm_ratio,y_delta_mm,x_delta_mm,y_delta_px,x_delta_px,chosen_FOV
0.00012030000000000001,0.00012030000000000001,-0.08701418395696481,0.5534181989538404,-723.3099248293001,4600.317530788365,1
