y_px_mm_ratio,x_px_mm_ratio,y_delta_mm,x_delta_mm,y_delta_px,x_delta_px,chosen_FOV
0.00012030000000000001,0.00012030000000000001,10.786678018668168,10.323425410128035,89664.8214353131,85814.01005925215,1
